{"cameraMode":{"drawMode":0,"name":"Shaded","section":"Shading Mode"},"sceneLighting":true,"audioPlay":false,"sceneViewState":{"showFog":true,"showMaterialUpdate":false,"showSkybox":true,"showFlares":true,"showImageEffects":true,"showParticleSystems":true},"in2DMode":false,"pivot":{"x":-29.746793746948243,"y":67.44539642333985,"z":-74.63581848144531},"rotation":{"x":0.32262280583381655,"y":0.1871425211429596,"z":-0.06522585451602936,"w":0.9255645275115967},"size":22.0,"orthographic":false}